-- phpMyAdmin SQL Dump
-- version 4.9.0.1
-- https://www.phpmyadmin.net/
--
-- Host: localhost:8889
-- Generation Time: Aug 05, 2020 at 06:54 PM
-- Server version: 5.7.26
-- PHP Version: 7.3.8

SET SQL_MODE = "NO_AUTO_VALUE_ON_ZERO";
SET time_zone = "+00:00";

--
-- Database: `dev_rtrwpay`
--

-- --------------------------------------------------------

--
-- Table structure for table `migrations`
--

CREATE TABLE `migrations` (
  `id` int(10) UNSIGNED NOT NULL,
  `migration` varchar(191) COLLATE utf8mb4_unicode_ci NOT NULL,
  `batch` int(11) NOT NULL
) ENGINE=InnoDB DEFAULT CHARSET=utf8mb4 COLLATE=utf8mb4_unicode_ci;

-- --------------------------------------------------------

--
-- Table structure for table `reset_password`
--

CREATE TABLE `reset_password` (
  `id` bigint(20) UNSIGNED NOT NULL,
  `token` varchar(191) COLLATE utf8mb4_unicode_ci NOT NULL,
  `expired_date` datetime NOT NULL,
  `user_id` int(10) UNSIGNED NOT NULL,
  `created_at` timestamp NULL DEFAULT NULL
) ENGINE=InnoDB DEFAULT CHARSET=utf8mb4 COLLATE=utf8mb4_unicode_ci;

-- --------------------------------------------------------

--
-- Table structure for table `roles`
--

CREATE TABLE `roles` (
  `id` bigint(20) UNSIGNED NOT NULL,
  `role` varchar(191) COLLATE utf8mb4_unicode_ci NOT NULL,
  `created_at` timestamp NULL DEFAULT NULL,
  `updated_at` timestamp NULL DEFAULT NULL
) ENGINE=InnoDB DEFAULT CHARSET=utf8mb4 COLLATE=utf8mb4_unicode_ci;

--
-- Dumping data for table `roles`
--

INSERT INTO `roles` (`id`, `role`, `created_at`, `updated_at`) VALUES
(1, 'Warga', '2020-08-04 15:33:17', '2020-08-04 15:33:17'),
(2, 'Billing', '2020-08-04 15:33:17', '2020-08-04 15:33:17'),
(3, 'Admin', '2020-08-04 15:33:17', '2020-08-04 15:33:17');

-- --------------------------------------------------------

--
-- Table structure for table `subscriptions`
--

CREATE TABLE `subscriptions` (
  `id` bigint(20) UNSIGNED NOT NULL,
  `name` varchar(191) COLLATE utf8mb4_unicode_ci NOT NULL,
  `price` int(11) NOT NULL,
  `created_at` timestamp NULL DEFAULT NULL,
  `updated_at` timestamp NULL DEFAULT NULL
) ENGINE=InnoDB DEFAULT CHARSET=utf8mb4 COLLATE=utf8mb4_unicode_ci;

--
-- Dumping data for table `subscriptions`
--

INSERT INTO `subscriptions` (`id`, `name`, `price`, `created_at`, `updated_at`) VALUES
(1, 'IPL', 100000, '2020-08-04 15:33:46', '2020-08-04 15:33:46'),
(3, 'Sedekah', 10000, '2020-08-05 15:46:52', '2020-08-05 15:46:52');

-- --------------------------------------------------------

--
-- Table structure for table `transactions`
--

CREATE TABLE `transactions` (
  `id` bigint(20) UNSIGNED NOT NULL,
  `notes` text COLLATE utf8mb4_unicode_ci NOT NULL,
  `expired_date` datetime NOT NULL,
  `status` tinyint(4) NOT NULL,
  `price` int(11) NOT NULL,
  `paid` int(11) DEFAULT NULL,
  `file` varchar(191) COLLATE utf8mb4_unicode_ci DEFAULT NULL,
  `type_payment` varchar(191) COLLATE utf8mb4_unicode_ci DEFAULT NULL,
  `user_has_subscription_id` int(10) UNSIGNED NOT NULL,
  `transaction_has_modified_id` int(10) UNSIGNED DEFAULT NULL,
  `created_at` timestamp NULL DEFAULT NULL,
  `updated_at` timestamp NULL DEFAULT NULL
) ENGINE=InnoDB DEFAULT CHARSET=utf8mb4 COLLATE=utf8mb4_unicode_ci;

--
-- Dumping data for table `transactions`
--

INSERT INTO `transactions` (`id`, `notes`, `expired_date`, `status`, `price`, `paid`, `file`, `type_payment`, `user_has_subscription_id`, `transaction_has_modified_id`, `created_at`, `updated_at`) VALUES
(103, '-', '2020-09-05 10:35:00', 3, 100000, 100000, NULL, 'Cash', 118, 1, '2020-08-05 15:35:45', '2020-08-05 15:36:15'),
(104, '-', '2020-10-05 22:35:45', 0, 100000, 0, NULL, NULL, 118, 1, '2020-08-05 15:36:15', '2020-08-05 15:36:15'),
(109, '-', '2020-11-05 10:49:00', 3, 100000, 100000, NULL, 'Cash', 119, 109, '2020-08-05 16:39:28', '2020-08-05 16:55:31'),
(110, '-', '2020-08-13 10:49:00', 4, 100000, 0, NULL, 'Cash', 120, 110, '2020-08-05 16:42:20', '2020-08-05 18:06:19'),
(111, '-', '2020-12-05 22:49:32', 0, 100000, 0, NULL, NULL, 119, 1, '2020-08-05 16:55:31', '2020-08-05 16:55:31');

-- --------------------------------------------------------

--
-- Table structure for table `transaction_has_modified`
--

CREATE TABLE `transaction_has_modified` (
  `id` bigint(20) UNSIGNED NOT NULL,
  `user_id` int(10) UNSIGNED NOT NULL,
  `transaction_id` int(10) UNSIGNED NOT NULL,
  `action` int(11) NOT NULL,
  `created_at` timestamp NULL DEFAULT NULL,
  `updated_at` timestamp NULL DEFAULT NULL
) ENGINE=InnoDB DEFAULT CHARSET=utf8mb4 COLLATE=utf8mb4_unicode_ci;

--
-- Dumping data for table `transaction_has_modified`
--

INSERT INTO `transaction_has_modified` (`id`, `user_id`, `transaction_id`, `action`, `created_at`, `updated_at`) VALUES
(1, 0, 0, 1, NULL, NULL),
(2, 1, 1, 1, NULL, NULL),
(3, 2, 2, 1, NULL, NULL),
(4, 3, 3, 1, NULL, NULL),
(5, 4, 4, 1, NULL, NULL),
(6, 5, 5, 1, NULL, NULL),
(7, 6, 6, 1, NULL, NULL),
(8, 7, 7, 1, NULL, NULL),
(9, 8, 8, 1, NULL, NULL),
(10, 9, 9, 1, NULL, NULL),
(11, 10, 10, 1, NULL, NULL),
(12, 11, 11, 1, NULL, NULL),
(13, 12, 12, 1, NULL, NULL),
(14, 13, 13, 1, NULL, NULL),
(15, 14, 14, 1, NULL, NULL),
(16, 15, 15, 1, NULL, NULL),
(17, 16, 16, 1, NULL, NULL),
(18, 17, 17, 1, NULL, NULL),
(19, 18, 18, 1, NULL, NULL),
(20, 19, 19, 1, NULL, NULL),
(21, 20, 20, 1, NULL, NULL),
(22, 21, 21, 1, NULL, NULL),
(23, 22, 22, 1, NULL, NULL),
(24, 23, 23, 1, NULL, NULL),
(25, 24, 24, 1, NULL, NULL),
(26, 25, 25, 1, NULL, NULL),
(27, 26, 26, 1, NULL, NULL),
(28, 27, 27, 1, NULL, NULL),
(29, 28, 28, 1, NULL, NULL),
(30, 29, 29, 1, NULL, NULL),
(31, 30, 30, 1, NULL, NULL),
(32, 31, 31, 1, NULL, NULL),
(33, 32, 32, 1, NULL, NULL),
(34, 33, 33, 1, NULL, NULL),
(35, 34, 34, 1, NULL, NULL),
(36, 35, 35, 1, NULL, NULL),
(37, 36, 36, 1, NULL, NULL),
(38, 37, 37, 1, NULL, NULL),
(39, 38, 38, 1, NULL, NULL),
(40, 39, 39, 1, NULL, NULL),
(41, 40, 40, 1, NULL, NULL),
(42, 41, 41, 1, NULL, NULL),
(43, 42, 42, 1, NULL, NULL),
(44, 43, 43, 1, NULL, NULL),
(45, 44, 44, 1, NULL, NULL),
(46, 45, 45, 1, NULL, NULL),
(47, 46, 46, 1, NULL, NULL),
(48, 47, 47, 1, NULL, NULL),
(49, 48, 48, 1, NULL, NULL),
(50, 49, 49, 1, NULL, NULL),
(51, 50, 50, 1, NULL, NULL),
(52, 51, 51, 1, NULL, NULL),
(53, 52, 52, 1, NULL, NULL),
(54, 53, 53, 1, NULL, NULL),
(55, 54, 54, 1, NULL, NULL),
(56, 55, 55, 1, NULL, NULL),
(57, 56, 56, 1, NULL, NULL),
(58, 57, 57, 1, NULL, NULL),
(59, 58, 58, 1, NULL, NULL),
(60, 59, 59, 1, NULL, NULL),
(61, 60, 60, 1, NULL, NULL),
(62, 61, 61, 1, NULL, NULL),
(63, 62, 62, 1, NULL, NULL),
(64, 63, 63, 1, NULL, NULL),
(65, 64, 64, 1, NULL, NULL),
(66, 65, 65, 1, NULL, NULL),
(67, 66, 66, 1, NULL, NULL),
(68, 67, 67, 1, NULL, NULL),
(69, 68, 68, 1, NULL, NULL),
(70, 69, 69, 1, NULL, NULL),
(71, 70, 70, 1, NULL, NULL),
(72, 71, 71, 1, NULL, NULL),
(73, 72, 72, 1, NULL, NULL),
(74, 73, 73, 1, NULL, NULL),
(75, 74, 74, 1, NULL, NULL),
(76, 75, 75, 1, NULL, NULL),
(77, 76, 76, 1, NULL, NULL),
(78, 77, 77, 1, NULL, NULL),
(79, 78, 78, 1, NULL, NULL),
(80, 79, 79, 1, NULL, NULL),
(81, 80, 80, 1, NULL, NULL),
(82, 81, 81, 1, NULL, NULL),
(83, 82, 82, 1, NULL, NULL),
(84, 83, 83, 1, NULL, NULL),
(85, 84, 84, 1, NULL, NULL),
(86, 85, 85, 1, NULL, NULL),
(87, 86, 86, 1, NULL, NULL),
(88, 87, 87, 1, NULL, NULL),
(89, 88, 88, 1, NULL, NULL),
(90, 89, 89, 1, NULL, NULL),
(91, 90, 90, 1, NULL, NULL),
(92, 91, 91, 1, NULL, NULL),
(93, 92, 92, 1, NULL, NULL),
(94, 93, 93, 1, NULL, NULL),
(95, 94, 94, 1, NULL, NULL),
(96, 95, 95, 1, NULL, NULL),
(97, 96, 96, 1, NULL, NULL),
(98, 97, 97, 1, NULL, NULL),
(99, 98, 98, 1, NULL, NULL),
(100, 99, 99, 1, NULL, NULL),
(101, 100, 100, 1, NULL, NULL),
(102, 203, 107, 0, '2020-08-05 16:01:07', '2020-08-05 16:01:07'),
(103, 203, 108, 0, '2020-08-05 16:32:37', '2020-08-05 16:32:37'),
(104, 203, 109, 0, '2020-08-05 16:39:28', '2020-08-05 16:39:28'),
(105, 203, 107, 1, '2020-08-05 16:39:28', '2020-08-05 16:39:28'),
(106, 203, 110, 0, '2020-08-05 16:42:20', '2020-08-05 16:42:20'),
(107, 203, 108, 1, '2020-08-05 16:42:20', '2020-08-05 16:42:20'),
(108, 203, 111, 0, '2020-08-05 16:55:31', '2020-08-05 16:55:31'),
(109, 203, 109, 1, '2020-08-05 16:55:31', '2020-08-05 16:55:31'),
(110, 203, 110, 1, '2020-08-05 18:06:19', '2020-08-05 18:06:19');

-- --------------------------------------------------------

--
-- Table structure for table `users`
--

CREATE TABLE `users` (
  `id` bigint(20) UNSIGNED NOT NULL,
  `username` varchar(191) COLLATE utf8mb4_unicode_ci NOT NULL,
  `name` varchar(191) COLLATE utf8mb4_unicode_ci NOT NULL,
  `email` varchar(191) COLLATE utf8mb4_unicode_ci NOT NULL,
  `contact_person` varchar(191) COLLATE utf8mb4_unicode_ci NOT NULL,
  `password` text COLLATE utf8mb4_unicode_ci NOT NULL,
  `address` varchar(191) COLLATE utf8mb4_unicode_ci NOT NULL,
  `role_id` int(10) UNSIGNED NOT NULL,
  `created_at` timestamp NULL DEFAULT NULL,
  `updated_at` timestamp NULL DEFAULT NULL
) ENGINE=InnoDB DEFAULT CHARSET=utf8mb4 COLLATE=utf8mb4_unicode_ci;

--
-- Dumping data for table `users`
--

INSERT INTO `users` (`id`, `username`, `name`, `email`, `contact_person`, `password`, `address`, `role_id`, `created_at`, `updated_at`) VALUES
(1, 'madalyn.hill', 'Ms. Kristy Simonis', 'bettye16@hotmail.com', '+5037957583495', '$2y$10$41iCj9DJx3X8GJI5a48uK.a2Mo5wHQuJOWQzKKUG.dOuVw0TAf6L.', '670 Ullrich Ranch Suite 451\nStanfordtown, UT 67216-7354', 1, '2020-08-04 15:31:53', '2020-08-04 15:31:53'),
(2, 'gpowlowski', 'Deonte Kulas', 'khill@kemmer.com', '+6526134750227', '$2y$10$HUdafAb0sck.KrMvE6xqh.Dsc12jxPRmL4gdlhAiH2J9o0RVziuaG', '8822 Lilliana Forks\nEast Chloechester, NH 28929-4203', 1, '2020-08-04 15:31:53', '2020-08-04 15:31:53'),
(3, 'gleason.jacquelyn', 'Mrs. Oleta Berge I', 'reggie78@gmail.com', '+4195297828347', '$2y$10$.8WpReILdlDVzsCpfWVnNOFRbrXZJUBU8HsUt0bvr5l1z.LCE8HFq', '6730 Harold Track Apt. 952\nMyrlside, NE 85698', 1, '2020-08-04 15:31:53', '2020-08-04 15:31:53'),
(4, 'unique06', 'Tess McCullough', 'hayes.narciso@hotmail.com', '+4631177623421', '$2y$10$Cno/PNDs37Ja/vKfCrL9OuC28hj6SkQ2s95YDKqNQgnajxXhlwCX6', '1998 Fisher Forks Suite 581\nKaileeville, MS 47437', 1, '2020-08-04 15:31:53', '2020-08-04 15:31:53'),
(5, 'ben.huels', 'Ernestine Emmerich', 'goldner.letitia@gutmann.info', '+3319456155617', '$2y$10$OEImBABvXBiRlujxurBRVuua3Q845lxP3va8pAJ4SwHq3vzF.vdPO', '68749 Bechtelar Prairie\nEast Brentburgh, MT 96931', 1, '2020-08-04 15:31:53', '2020-08-04 15:31:53'),
(6, 'rachel.fadel', 'Dr. Evelyn Keebler', 'brock11@yahoo.com', '+1923177960479', '$2y$10$hOD.fBy8XWnAlqKqdVGAFemlzyOdncC9HSnyQT6sFlQv1QspvsUsK', '760 Fred Passage Apt. 555\nWest Willie, VA 61431-7384', 1, '2020-08-04 15:31:53', '2020-08-04 15:31:53'),
(7, 'idella.leannon', 'Prof. Micheal Gleichner V', 'bernardo95@jacobi.info', '+2598104080465', '$2y$10$V/LMfliVSqbu4tX7ZJRhder1IHlVsPyC3VKaQT5L.SypDzs79gl5u', '94288 Green Rue Apt. 116\nNorth Amelie, WA 28051', 1, '2020-08-04 15:31:53', '2020-08-04 15:31:53'),
(8, 'hettinger.talia', 'Thalia Leannon', 'providenci30@boyle.biz', '+3337874604525', '$2y$10$hIf6.MS9/bXf3r8axclK.OI5mQM74xln4KdUdAZaMZTW0hMFv2Hwm', '688 Runolfsson Well Apt. 469\nSouth Hankfurt, TN 11983-9165', 1, '2020-08-04 15:31:53', '2020-08-04 15:31:53'),
(9, 'emmett79', 'Zora Swaniawski', 'ggoodwin@murphy.com', '+2117775339715', '$2y$10$S8L92FN5bMMlAAhtSjN6beS04GF3fKdsrl6mRAeCa0ukbEakpmQ56', '4667 Bruen Manors Apt. 653\nKertzmannville, DC 72849', 1, '2020-08-04 15:31:53', '2020-08-04 15:31:53'),
(10, 'annetta.willms', 'Izabella Hermiston', 'hbergstrom@hotmail.com', '+7806718449732', '$2y$10$bZfdYbGKXJFyQ0898ctuOeR5tLuBbqi3HGVpt20VDGBlQkjumUVUy', '353 Considine Ford\nWest Floyberg, TN 11395', 1, '2020-08-04 15:31:54', '2020-08-04 15:31:54'),
(11, 'sandrine16', 'Reginald Hills', 'brandi44@gmail.com', '+3864172932388', '$2y$10$B27LTp8jyUVLG5Sd3dpe..udvzXKPBuR6gu/w.7E6WBXSMDNHDnIy', '4899 Boyer Mountains Suite 394\nRobertland, OR 09629-5741', 1, '2020-08-04 15:31:54', '2020-08-04 15:31:54'),
(12, 'mhudson', 'Aileen Muller', 'vita.wisoky@gmail.com', '+7037898911032', '$2y$10$GUXRYsd15K4k7PhZyptKyuXYm8Ppm0zYPnSucxHaWPRtcjp8O9PDC', '593 Nella Turnpike\nLake Pearlie, GA 22253', 1, '2020-08-04 15:31:54', '2020-08-04 15:31:54'),
(13, 'homenick.beau', 'Libby Hagenes', 'collier.cleve@gmail.com', '+5404164647864', '$2y$10$/r1oEhCSiCCK2/gP6ViWh.qsPMkhSGDOIlIMvOL9HC2U18VY/d0yO', '5346 Destiney Parkways\nSouth Londonchester, SD 60509', 1, '2020-08-04 15:31:54', '2020-08-04 15:31:54'),
(14, 'raynor.guadalupe', 'Margarette Schaden I', 'price28@marquardt.biz', '+3623238600102', '$2y$10$YUJD6utoxk7rfqzb/PudvOZ4wdEsBtNbTq187Prqbtg5ITSMM24NS', '414 Hayes Plaza\nPort Gennaro, MA 22564', 1, '2020-08-04 15:31:54', '2020-08-04 15:31:54'),
(15, 'wisozk.lafayette', 'Prof. Claudia Kuphal II', 'reyes29@yahoo.com', '+3100427609513', '$2y$10$mw3g1oZPiRlzfAtczt.AAeN.XqUF6769R6bZQWurAZMAeskqRr0Eu', '36834 Prosacco Islands\nNew Aiyana, ID 47149', 1, '2020-08-04 15:31:54', '2020-08-04 15:31:54'),
(16, 'maggio.eryn', 'Donna Torp', 'cabernathy@schimmel.biz', '+9210441331223', '$2y$10$S/YHNYiwf6oDRkUF39PZs.LwTupFtQmF/Uwav9U40k6Of2Isu1Ktu', '53442 Sterling Springs Apt. 468\nLake Elda, NH 23668-5196', 1, '2020-08-04 15:31:54', '2020-08-04 15:31:54'),
(17, 'beer.wilma', 'Earline Schmitt', 'pedro00@hotmail.com', '+5618195903999', '$2y$10$9htfDw3Yjw5pOpR/.seEvuehMzbw5Jp86k1RNKTaQ/2DuYWgmtMKS', '704 Nash Spring\nNew Dorotheaborough, AK 73289-0156', 1, '2020-08-04 15:31:54', '2020-08-04 15:31:54'),
(18, 'carson86', 'Carol Effertz', 'norene86@bode.com', '+9789705642341', '$2y$10$XQdE/UUuoFKIsEUzX4IclOkK0fq8h/5QAq7IjkiCpxx3LumrvpZhC', '15215 Sawayn Mills Suite 762\nWest Arturohaven, SD 92390', 1, '2020-08-04 15:31:54', '2020-08-04 15:31:54'),
(19, 'efisher', 'Dixie Hill', 'rbatz@yahoo.com', '+6970884916561', '$2y$10$EsTJiiruw.SfAW3GILk7cOyPRd2Pa.wUIx9FJDmcpJ7.42ZnxBKCi', '33430 Lilla Rue\nNorth Houstonburgh, CT 59444', 1, '2020-08-04 15:31:54', '2020-08-04 15:31:54'),
(20, 'omer96', 'Arne Reilly', 'jast.carolyn@walker.com', '+5126563818062', '$2y$10$BcOWnDBXpn3iu5myon8vGO8Fj7NrvBgUbWw.tWn2L92FtBVbf0DYO', '5425 Alberta Locks Apt. 282\nWest Diana, RI 19010-6650', 1, '2020-08-04 15:31:54', '2020-08-04 15:31:54'),
(21, 'arau', 'Devon Hoppe', 'rosella56@wolff.net', '+4773112963565', '$2y$10$F3NeHugE71N8157il0kg8.s6DDA8wRI96/wReXNRX2RYyNXkvIe/K', '4046 Bartoletti Overpass\nSouth Orieshire, MT 20771', 1, '2020-08-04 15:31:54', '2020-08-04 15:31:54'),
(22, 'apouros', 'Ms. Beatrice Von', 'ethelyn76@gerhold.com', '+7058975866847', '$2y$10$fS.RZ4DWaxPf/GwUVOPD0uSgMl0/X0UR2WlzSRliKTKKAxIg/1ium', '8260 Noel Loop Apt. 629\nLake Octaviaport, OK 88156', 1, '2020-08-04 15:31:54', '2020-08-04 15:31:54'),
(23, 'stephon.stark', 'Prof. Antonio O\'Kon V', 'dach.toy@hotmail.com', '+6268358263374', '$2y$10$TILv/1MLZJadVn.w4nA8OuJTcI1efb.MR3AfwacQTxHKMVu7dUHL6', '1645 Brown Road\nSouth Isidro, RI 72759-2635', 1, '2020-08-04 15:31:54', '2020-08-04 15:31:54'),
(24, 'idonnelly', 'Ladarius Klein', 'vincent95@hessel.biz', '+1918024304886', '$2y$10$aeir11lwEc.luWqd3igGKeHB6dTvsHJBKEJOXXsjWEkifGIZRsYDa', '6998 Grant Road Apt. 225\nNorth Nellestad, NC 74938-4949', 1, '2020-08-04 15:31:54', '2020-08-04 15:31:54'),
(25, 'pfannerstill.robbie', 'Stevie Wolf Sr.', 'dasia.mante@hackett.com', '+6721438415648', '$2y$10$GL/r4bL2TTLBGYNCH3OsfeXHypMN3lN4rvVQzPtv7CiMpkdFLR/l6', '247 Melyna Road\nFloton, DE 16418-3168', 1, '2020-08-04 15:31:54', '2020-08-04 15:31:54'),
(26, 'stokes.camren', 'Sister Haag', 'plittel@gmail.com', '+4787970306018', '$2y$10$yzK5RO5CVRLTplHsr1/4Nu7Sh1t9Hs5ftg6y/q24PE/rDROJwpC62', '648 Boris Pines Apt. 858\nLake Llewellyn, AR 79982-2145', 1, '2020-08-04 15:31:54', '2020-08-04 15:31:54'),
(27, 'giovanna27', 'Mr. Kayden Kling', 'dyost@collins.com', '+4571026260241', '$2y$10$MjlQ1/OGihrkRB6v7mKnO.6tjKWmD9gepaSWbiGwlesAlOn1UVGB.', '868 Turner Row Apt. 972\nSouth Robinmouth, WA 31094', 1, '2020-08-04 15:31:55', '2020-08-04 15:31:55'),
(28, 'nina.jakubowski', 'Jovanny Krajcik', 'dwaelchi@goyette.net', '+8427170419765', '$2y$10$jIQABbTmDjPNfCGih8IqGeDvGEHUlCmRzd.hd.Bqmd4FVis3Y0k.S', '92385 D\'angelo Dam Apt. 881\nNew Kelli, UT 99449', 1, '2020-08-04 15:31:55', '2020-08-04 15:31:55'),
(29, 'randall.goldner', 'Florencio Boyer', 'williamson.dean@marquardt.com', '+8239480689268', '$2y$10$tgHZyh3VCkuKqJt0ifa6IOkDniHo4PCwqtKpgWonqSapgnDqXq5..', '8614 Haven Extension\nArlieshire, VT 98578', 1, '2020-08-04 15:31:55', '2020-08-04 15:31:55'),
(30, 'tbernier', 'Aidan Kovacek', 'cummerata.woodrow@yahoo.com', '+5654758989327', '$2y$10$GHNnxgu9S/AQlPiIiTNNK.JfKAOaw1WgMa/mxIOvWY4zQyRbMogMG', '3628 Marianna Glen Suite 165\nLake Martine, NE 29530-5088', 1, '2020-08-04 15:31:55', '2020-08-04 15:31:55'),
(31, 'odessa03', 'Guiseppe Marvin DDS', 'geffertz@hotmail.com', '+1413590842682', '$2y$10$nmq3PUd4vvgl4BIR8y8fK.g2Qi4e/9RG48dGuBOrFm0y8UbqzVz0C', '6923 Reichert Loop\nAshlynnport, MD 66444-5434', 1, '2020-08-04 15:31:55', '2020-08-04 15:31:55'),
(32, 'windler.carson', 'Miss Sabryna Kulas DVM', 'katherine.sawayn@hotmail.com', '+8159621640728', '$2y$10$WJbQAWBSUk4vdKatXJ7j/.C0sv2X72vUMPEywRf7vFRHLi.lpzf6W', '846 Robbie Ville Suite 145\nWest Shanie, NC 44854-5678', 1, '2020-08-04 15:31:55', '2020-08-04 15:31:55'),
(33, 'hallie35', 'Marjory Smith', 'wschimmel@hotmail.com', '+4853812812788', '$2y$10$gdFJo6CRA.5QHuEruM2qj.cXMWtvo1ZWgCbLDmKP/SLt/Y9hsa6N6', '81511 Padberg Pass\nHagenesmouth, VT 04411-0850', 1, '2020-08-04 15:31:55', '2020-08-04 15:31:55'),
(34, 'jaqueline.ledner', 'Lester Mueller Sr.', 'mkeeling@hotmail.com', '+5497992293136', '$2y$10$FRdFmLJNg/mPjQ/ffXh6I.VSEqn6X1B81dMZpHeFmkessa63XJzvi', '2579 Friesen Neck\nLake Gerry, MT 98103-8292', 1, '2020-08-04 15:31:55', '2020-08-04 15:31:55'),
(35, 'hartmann.alessia', 'Guillermo Lynch', 'josue.willms@hotmail.com', '+7035034281088', '$2y$10$an9MSibIew7dQ1WvLgny5OARVkI6qZ2AKC40cwHlNs1uVNsyJRAWS', '54609 Strosin Ridges Apt. 329\nPort Leonel, OK 29433', 1, '2020-08-04 15:31:55', '2020-08-04 15:31:55'),
(36, 'lucy67', 'Rosalinda Kuhlman', 'clark.bednar@yahoo.com', '+6610152548403', '$2y$10$qRqkn0izLc8IIqGsLaStXOAgI35WzkwU2z8/YhkwnHDU1Hr9TS5nO', '315 Tillman Isle Apt. 764\nKreigerchester, PA 74785-2102', 1, '2020-08-04 15:31:55', '2020-08-04 15:31:55'),
(37, 'yvonne.dooley', 'Mrs. Antonia Lynch III', 'kaya.miller@lubowitz.com', '+4114870871378', '$2y$10$BBDN.t4QOYOv4CbYl7KlZeGQuDyGQqiLhgDt4n545scrNjeccvz42', '19852 Reece Brooks Suite 399\nDevonmouth, MA 57260-1709', 1, '2020-08-04 15:31:55', '2020-08-04 15:31:55'),
(38, 'rkuhlman', 'Dr. Stephanie Kemmer MD', 'pouros.constance@hotmail.com', '+1964909538514', '$2y$10$tbcJ6Vz8bJXl5gDremQUX.sHYzbrQv0opfI97HWyfPyM1rGo5P.R6', '142 Willms Ramp\nKadenview, AZ 61697', 1, '2020-08-04 15:31:55', '2020-08-04 15:31:55'),
(39, 'trisha77', 'Dr. Vicente Kreiger', 'jerel96@gleichner.com', '+7969442574093', '$2y$10$csSZ1b2CKkDtK1S.alcjr.UsB9msAG/nUVQoeXMjopIFj491D29DO', '5837 Nader Expressway Apt. 099\nRaushire, AK 29509', 1, '2020-08-04 15:31:55', '2020-08-04 15:31:55'),
(40, 'laury.rogahn', 'Geraldine Hayes', 'nolan.cathrine@ziemann.org', '+9951061945394', '$2y$10$MwnEl.Mqdnn.UAs2E0MeIO6v6M6uabaDLdlC8kI6iuZWaHHKbkGdS', '476 Eula Inlet Suite 734\nLake Thora, MT 02351-2572', 1, '2020-08-04 15:31:55', '2020-08-04 15:31:55'),
(41, 'alessia.purdy', 'Kyleigh Lind', 'hills.alysa@gutkowski.com', '+4874212055769', '$2y$10$tFp.P75JzlV1SOMLtyeeGOYjQBg2wPn0eW3USglzFyNN9vmXnWtjy', '540 Josie Turnpike Apt. 822\nZechariahchester, NC 99058', 1, '2020-08-04 15:31:55', '2020-08-04 15:31:55'),
(42, 'shalvorson', 'Ms. Addison Wuckert DDS', 'hegmann.paige@koepp.com', '+4651657944366', '$2y$10$TN/HkRxknoLPzsM1XI0oqezRwQCbWAfs.072g3MXsXIwZtmERnA7S', '60807 Kovacek Islands Apt. 085\nLake Evelynshire, TX 27909-0390', 1, '2020-08-04 15:31:55', '2020-08-04 15:31:55'),
(43, 'cierra.gleichner', 'Owen Lynch', 'hester.cremin@hotmail.com', '+6155264623360', '$2y$10$iQEiffity8je4.aJULpVueVoNGqwjwwxBisdaoF.olDTGlCLmY8Y.', '268 Ryan Islands\nBodeland, MN 75903-7745', 1, '2020-08-04 15:31:55', '2020-08-04 15:31:55'),
(44, 'frami.roxane', 'Isabel Ondricka DVM', 'elenora.herman@gmail.com', '+3182094055654', '$2y$10$qQ1DeIPmblD2Pqk7qlg/y.mTnDGgcWWuFyyZNhiLZy.OApb12BMKO', '27695 Hilpert Ridges\nFelipestad, MS 52925-6542', 1, '2020-08-04 15:31:56', '2020-08-04 15:31:56'),
(45, 'pstroman', 'Garrison McClure', 'shanie49@willms.org', '+4648329262754', '$2y$10$TuBbyNfwDhuZkM7pOUGOMuZLOMNyFwx9jSHQwU0UxVgAwOtYEBJCK', '76650 Schultz Mountain Apt. 677\nWest Cleta, NY 73981-6646', 1, '2020-08-04 15:31:56', '2020-08-04 15:31:56'),
(46, 'katherine.nitzsche', 'Mr. Garrick Beatty', 'elinor25@gmail.com', '+1551749112848', '$2y$10$yNIwWQBWE3F9WW.uSTtGXe.Po9TM/reOTthYS0i2aYXeejYTVpQZW', '208 Yost Trail Suite 853\nBoyerberg, NV 84924-2592', 1, '2020-08-04 15:31:56', '2020-08-04 15:31:56'),
(47, 'mzieme', 'Miss Jazmyne Borer', 'boyd68@pfannerstill.org', '+1641701350328', '$2y$10$FCCJBYZjtPT1psbDaYm9yuJIXip6x6k3.opTSYVymtrY/oQLIhIC.', '41822 Purdy Stravenue Suite 203\nRamonafurt, MA 77193', 1, '2020-08-04 15:31:56', '2020-08-04 15:31:56'),
(48, 'jonatan.bins', 'Anabelle Hettinger', 'vinnie.schulist@gmail.com', '+3342578202882', '$2y$10$./0AZ6XCOWliUnhacZTOLeRq8QKO50pmSgNrK19Msvo2GTQjKq8.i', '8802 Ed Route\nBaileyshire, TX 80596', 1, '2020-08-04 15:31:56', '2020-08-04 15:31:56'),
(49, 'trycia80', 'Emmett Ortiz', 'hrath@botsford.com', '+8295397809021', '$2y$10$./PAfGNrVjggt1koA6J.dOEPpspkiutO74gTsOT255zHy2QJJyTX6', '6030 Dasia Mountains Apt. 567\nMurphyland, GA 94612', 1, '2020-08-04 15:31:56', '2020-08-04 15:31:56'),
(50, 'emilie37', 'Dejuan Koss', 'suzanne.emmerich@emard.com', '+7149348478240', '$2y$10$jCDgnUPcTnoKftMXXCQJHOu71HTXb8L1aiGkuaAqy5qTWPL887dy.', '3204 Dooley Tunnel\nVergieville, DC 63158-1294', 1, '2020-08-04 15:31:56', '2020-08-04 15:31:56'),
(51, 'lorine.langosh', 'Dr. Deion Reilly III', 'georgiana.robel@yahoo.com', '+5638115836842', '$2y$10$JhKucF9X8XkbSLR/64xkueeMzTSBravRJEVdfes.FBbW1c42l15ve', '251 Hertha Stravenue\nSouth Jarrett, MA 54786', 1, '2020-08-04 15:31:56', '2020-08-04 15:31:56'),
(52, 'marquis.schmeler', 'Dr. Oswaldo Batz', 'langosh.florine@mcdermott.org', '+4224148452068', '$2y$10$4.1xM5x80N.2MEK4CGYd2uGsGbr3a9NvdWvOx1GKGa6USNQLLfp8u', '516 Daniel Heights\nDevinton, NC 98885', 1, '2020-08-04 15:31:56', '2020-08-04 15:31:56'),
(53, 'walsh.ariel', 'Anissa Von DDS', 'russel13@gmail.com', '+1593669949442', '$2y$10$fS5drLuLcWCVugCPQJl5Wen211uccPxE.3riNBrSIUgms1Fh6qFga', '52774 Jevon Roads Apt. 762\nBergstromton, AR 76244', 1, '2020-08-04 15:31:56', '2020-08-04 15:31:56'),
(54, 'spinka.alva', 'Prof. Willy Weber Sr.', 'samanta.daugherty@yahoo.com', '+7489458855446', '$2y$10$LcUptlPwa28x6uFccot.xOSuoxtmq9qc486Ec5mXVcuTSrZNZeCbu', '53891 Ocie Views Apt. 840\nHomenicktown, SD 59547', 1, '2020-08-04 15:31:56', '2020-08-04 15:31:56'),
(55, 'kessler.mercedes', 'Samara Hackett DVM', 'deion.rowe@bartoletti.org', '+7006623290214', '$2y$10$fYMUXAtCk2ws5kKOViqh7.6UyoHL/3Jv.FgU4XYkQQlZs57xi2irS', '20989 Michelle Squares Apt. 746\nLake Bessieburgh, MT 77485', 1, '2020-08-04 15:31:56', '2020-08-04 15:31:56'),
(56, 'odooley', 'Mavis O\'Kon', 'schultz.mollie@marks.net', '+2396621662637', '$2y$10$S.RRZV9o/Hd.z/Oump740uz9SzEkJp5QUDKSnPJlMAZjr94ujapFK', '78737 Damien Fork\nCieloshire, ME 10278', 1, '2020-08-04 15:31:56', '2020-08-04 15:31:56'),
(57, 'pmoore', 'Mrs. Josefa Kiehn', 'stevie.goodwin@murray.com', '+1324143698595', '$2y$10$3V8cRrXhKr9.V75.IXqs4eujHAkHl/4hPtD66hguZgfssu4Ygn9eW', '39583 Heloise Drive Apt. 245\nSouth Hiltonfort, MN 50189-2174', 1, '2020-08-04 15:31:56', '2020-08-04 15:31:56'),
(58, 'michelle77', 'Casper Larson', 'cchamplin@yahoo.com', '+7079441946456', '$2y$10$cmEHB9s6Z04g9Kp0tllDEeo0digbpxWvAgLLpErfhjmG4WkEjtFNW', '32622 Kayleigh Village\nManteborough, OR 81421', 1, '2020-08-04 15:31:56', '2020-08-04 15:31:56'),
(59, 'mylene.gerhold', 'Edwin Douglas V', 'jones.karley@yahoo.com', '+7450460827556', '$2y$10$ef/Zp6YwFmy/lBq0AkpYC.KKH2qrOADqyPP.El65rZwn2FcKFGxfe', '4951 Amara Groves\nNorth Robertochester, ND 60755', 1, '2020-08-04 15:31:56', '2020-08-04 15:31:56'),
(60, 'ebert.abbigail', 'Mrs. Darlene Steuber IV', 'loconner@miller.com', '+3403679190746', '$2y$10$SJkI0X.ffqfV1XYv/vVgRuLPP1PV3s33DK4vfFrlsgxa34GdsTPhC', '4752 Keyon Pike\nNorth Abdullahborough, SC 16944', 1, '2020-08-04 15:31:56', '2020-08-04 15:31:56'),
(61, 'kessler.alfred', 'Prof. Coralie Frami', 'wilfred88@hotmail.com', '+3602748843413', '$2y$10$Tyu038TSQEoq1ZTLcqVUBOLq8dn6HfNKI92ZUxd3NfnGt76xNk4oi', '26290 Breitenberg Estates Suite 565\nAbagailmouth, MT 65381-8203', 1, '2020-08-04 15:31:57', '2020-08-04 15:31:57'),
(62, 'cole.kay', 'Mr. Xzavier Kovacek', 'nils60@hotmail.com', '+6010141993072', '$2y$10$RuPXQxcuOp16BgSEtFkBJu.2F1pYTJzFNXd9kFBF20muyB.yKRyhC', '476 Ward Passage\nRicestad, AK 66754-1355', 1, '2020-08-04 15:31:57', '2020-08-04 15:31:57'),
(63, 'bette.padberg', 'Steve Hirthe', 'ambrose.okuneva@wintheiser.com', '+5011676198315', '$2y$10$AeIk2Rq3MOg68Kn7mrVFJuvZ1MVGmx86doY8lWRKHIvzQw20scnjW', '728 Tressie Crossroad Apt. 877\nSouth Ryann, MD 93795-8653', 1, '2020-08-04 15:31:57', '2020-08-04 15:31:57'),
(64, 'leola.marvin', 'Janiya Gottlieb III', 'shanahan.bruce@gmail.com', '+2846709952174', '$2y$10$N3iJdl4ypWOvonFJ6s8NPOLUvpNkAe9lhBZRV2iexZTPYR9uPWucu', '405 Etha Way Suite 014\nDickensland, VA 45370-6633', 1, '2020-08-04 15:31:57', '2020-08-04 15:31:57'),
(65, 'ilene23', 'Mrs. Evalyn Ryan', 'furman22@gmail.com', '+4018579285396', '$2y$10$XF9s/8SHxaSmKO0lftgE/us4Yl4Q0OkfLQKdeUkGvqYD28XwL3b0e', '980 Watsica Plains Suite 720\nNew Destany, VA 91411', 1, '2020-08-04 15:31:57', '2020-08-04 15:31:57'),
(66, 'oceane95', 'Samir Hudson', 'garry16@yahoo.com', '+1587989226601', '$2y$10$qLnUHIxCPANhL3P2e.okqORItDpNBz/xP9oEkHV8Zz.TxOBZGpEL6', '67844 Zula Plaza\nSouth Domenicshire, AL 51142', 1, '2020-08-04 15:31:57', '2020-08-04 15:31:57'),
(67, 'hailee.medhurst', 'Bryon Nader', 'yhirthe@gerhold.com', '+8892386221076', '$2y$10$tSWTK4COCU7AtNy/1nvMz.HhOiPoQzGd0KwmtyxZZUCXLqdh/gzW2', '707 Leuschke Rest\nWest Fernandobury, IA 03971', 1, '2020-08-04 15:31:57', '2020-08-04 15:31:57'),
(68, 'waters.tommie', 'Mr. Jayson Kirlin', 'margaret19@johnston.info', '+4931687955963', '$2y$10$KlJmYQynP2.X9AdOGrDvI.7ZUEDBXFx69voUN5/f42DYapvwJsmpG', '67048 Kemmer Neck Apt. 373\nSouth Don, NC 87805', 1, '2020-08-04 15:31:57', '2020-08-04 15:31:57'),
(69, 'wallace36', 'Lonnie Harris', 'ugusikowski@yahoo.com', '+6141362786032', '$2y$10$Oz9K0p6HWQzp0wyslbnBsOs6RMcquoNaF99ucq0CZ8EbNHf/rwzii', '1122 Runte Expressway\nBartolettiside, NJ 89689-8021', 1, '2020-08-04 15:31:57', '2020-08-04 15:31:57'),
(70, 'turner.wilton', 'Joaquin Schmitt V', 'graham.jazlyn@hills.com', '+5425114193585', '$2y$10$yCqllJ6dZTvvtGTcmBcFIuVPa6laZoB.wHy2GfE2YrHDBWOQ7c.ui', '94465 Welch Ford Suite 967\nMelvinburgh, PA 72488-1384', 1, '2020-08-04 15:31:57', '2020-08-04 15:31:57'),
(71, 'ioberbrunner', 'Mrs. Orie Mraz', 'roselyn44@gmail.com', '+9847941431243', '$2y$10$ScceDU1Wg/kAZKMHgpglw.1gCCupHATrc8w87mJ3go6wuwj8vHIBO', '53595 Cole Mountain Suite 031\nRooseveltberg, IL 55939', 1, '2020-08-04 15:31:57', '2020-08-04 15:31:57'),
(72, 'kris.rosina', 'May Champlin', 'kay26@yahoo.com', '+9127421309512', '$2y$10$w5dv0o6OPexlWDhG8qHA9.KkxysXaspYlY6PKh5VrhDrV7AGEoOSm', '23488 Eddie Place\nBrookeborough, ND 68577-1642', 1, '2020-08-04 15:31:57', '2020-08-04 15:31:57'),
(73, 'flo53', 'Prof. Monique Schultz', 'claud.durgan@yahoo.com', '+2348286685167', '$2y$10$fBtW0pExlIsy8riGlIuC9OaWIHgRtQWJ5x3.hW.ESGdOGoDUNSEqm', '82469 Ward Trace Suite 784\nWest Leland, NH 57398', 1, '2020-08-04 15:31:57', '2020-08-04 15:31:57'),
(74, 'icollier', 'Nolan Renner', 'naomie.rempel@gmail.com', '+4425567483426', '$2y$10$a7c.3W.giQsAfJNOaptDf.Ly.wXx5//ZfcX3i0gyuezAkvlDWvrqa', '998 Valentina Throughway\nEast Cayla, MN 91070-7277', 1, '2020-08-04 15:31:57', '2020-08-04 15:31:57'),
(75, 'ddooley', 'Miss Isabel Witting', 'edna73@maggio.com', '+8673020431771', '$2y$10$MjQekBb8eQRRy4/v/wEbeOH9ajzX1DJkSKvehAlefTPXedfbzgaqa', '374 Jacobs River\nStantonberg, MD 59403-9182', 1, '2020-08-04 15:31:57', '2020-08-04 15:31:57'),
(76, 'khayes', 'Riley Hills', 'schowalter.krystina@farrell.net', '+1258942688685', '$2y$10$E8LibJ1Tya2LlOPEIjIaA.JH1GfH.yBWnK4YVQm5U2f2pECe49iv6', '92363 Geo River\nHandfurt, NM 77677-3482', 1, '2020-08-04 15:31:57', '2020-08-04 15:31:57'),
(77, 'marilyne84', 'Fred Rutherford', 'gardner21@morar.com', '+8070466900011', '$2y$10$5ydf9eDxmmxJhyol/7OfWeMPicgW2T1HubzWlUdhd5AFelzMaX/3q', '5845 Gussie Orchard Apt. 039\nRosamondbury, AL 77907-2373', 1, '2020-08-04 15:31:57', '2020-08-04 15:31:57'),
(78, 'bednar.juwan', 'Mr. Roman Pfannerstill II', 'guadalupe32@abshire.info', '+1466493491676', '$2y$10$ceoepsisJDK3Z5m5Fgg.yeean28rqRMM0u672/S0ZjUliL4ANUgKC', '6962 Antwon Common Apt. 372\nImogenestad, OK 65602-0067', 1, '2020-08-04 15:31:58', '2020-08-04 15:31:58'),
(79, 'windler.santa', 'Syble Carroll', 'gusikowski.guiseppe@gmail.com', '+1888722116230', '$2y$10$06LVSueCXGFDsnPqz0VH5eZHd30wL3V7TzX1LYgoAn8qCX3bVHjbW', '40115 Gutmann Station\nOrnmouth, IL 98806', 1, '2020-08-04 15:31:58', '2020-08-04 15:31:58'),
(80, 'madisen.mills', 'Bulah Frami', 'timmy.heaney@haley.com', '+5871017806189', '$2y$10$owYhgn9s1Huax6x9QvT32.A3yJKLZnJlt/FAhqMUYCoJQsZISWgy2', '557 Wiza Trafficway\nJeanton, ID 14238-1188', 1, '2020-08-04 15:31:58', '2020-08-04 15:31:58'),
(81, 'mann.emelia', 'Owen Wiza', 'asa70@gmail.com', '+5419332664499', '$2y$10$K.IG6.mPw6EE0DVILQBemO.s8c3QO2NT1bISwFrlzXrxGIrEm9YKG', '5443 Schimmel Mission\nPort Lewtown, MS 47534', 1, '2020-08-04 15:31:58', '2020-08-04 15:31:58'),
(82, 'eroob', 'Prof. Avery Schiller', 'fschmitt@klein.biz', '+5311617432313', '$2y$10$Fk3SZq5lic8MqfUixjD.2.UVUhpoIEyufF02sZeOot0TfeUEBeiW.', '99492 Abbey Terrace Suite 958\nSouth Dorotheaburgh, SD 12824-6462', 1, '2020-08-04 15:31:58', '2020-08-04 15:31:58'),
(83, 'pgutkowski', 'Sedrick McCullough', 'daisy.spencer@bernier.com', '+5892539584628', '$2y$10$.W1AOh1lLjc9kE.961b9zO5sRszLSt7uadzme0YyMtzYeIYkjk7Zi', '936 Alexandre Point Apt. 619\nLake Ada, NC 16960', 1, '2020-08-04 15:31:58', '2020-08-04 15:31:58'),
(84, 'mohamed.kutch', 'Mr. Jules Langworth', 'ben.strosin@bode.biz', '+5710507075725', '$2y$10$YOJkwVFczi5MN4BOdE7l2O82hedPCxPWSTJ/FBULgsBgpQNPu.CGC', '99002 Jeremie Garden\nSchaeferview, WA 44793-1537', 1, '2020-08-04 15:31:58', '2020-08-04 15:31:58'),
(85, 'schuster.sidney', 'Alexandria Ritchie', 'elian.beahan@senger.com', '+1759848591810', '$2y$10$qUSKE77vd7zFjMvAjORMFuT/fHTXFTo15YZ0wJBzSLCcYNPhSJOna', '38662 Swaniawski Loop\nPort Malvinafurt, FL 04369', 1, '2020-08-04 15:31:58', '2020-08-04 15:31:58'),
(86, 'alda51', 'Meredith Greenholt MD', 'ledner.elmer@gmail.com', '+9845691969721', '$2y$10$Zibm3VdYVs8mD1VPyhgpSOP14UDcXsNPCc/Ux3bMPLb8NZPbCaWBy', '144 Destini Island\nLake Alana, SD 02491-5377', 1, '2020-08-04 15:31:58', '2020-08-04 15:31:58'),
(87, 'london.glover', 'Alyson Miller', 'nadia.reilly@hotmail.com', '+2287492778009', '$2y$10$xxdQs6WpRUoB7zCYb4zLhekctWkoPCS3gdSx9S2ZfXyKVEb/qP9w.', '96105 Haley Trail Apt. 934\nPort Patsy, ID 26408-8889', 1, '2020-08-04 15:31:58', '2020-08-04 15:31:58'),
(88, 'lbogan', 'Ms. Vernice Gibson MD', 'nitzsche.aileen@hotmail.com', '+4576577076340', '$2y$10$a/cmqqfoI8qEEjBbywRlBu9pwdJTZYp15oI7hzwW10dyRL/9txoWO', '512 Greenfelder Throughway Apt. 367\nSouth Gilberto, CO 87320-0479', 1, '2020-08-04 15:31:58', '2020-08-04 15:31:58'),
(89, 'haylee.yost', 'Ottis Schaden', 'wilton.rolfson@hotmail.com', '+3288234073566', '$2y$10$LcuY60tgIJgKkVcx6NygJuHSIR8pQwu0kVLz1IDTc7Ux4eX/intlq', '767 Ray Circles Suite 474\nSouth Lornaview, FL 96508-6283', 1, '2020-08-04 15:31:58', '2020-08-04 15:31:58'),
(90, 'lucious90', 'Myriam Christiansen', 'klocko.kirstin@murray.com', '+2355190188559', '$2y$10$ExD5BYCCdIfdeqaLZ6SOyuUQiyzWcJ.ehF2ViEuUN9VzC9HbzLEtW', '76948 Marina Neck\nWestonside, TN 69349-7484', 1, '2020-08-04 15:31:58', '2020-08-04 15:31:58'),
(91, 'cory.nitzsche', 'Ezekiel Swift', 'arvid.bailey@yahoo.com', '+1514149131552', '$2y$10$I28AbnY5Ka4QIuyjXmjJZ.SwjFDBWmA1eAdNXA430Q1XUkUP/w8Li', '52193 Jaylan Extensions Suite 880\nLake Emily, AR 98775-3400', 1, '2020-08-04 15:31:58', '2020-08-04 15:31:58'),
(92, 'annie15', 'Marty Skiles', 'mcglynn.sam@gmail.com', '+3265409426289', '$2y$10$0bIIkPBsOGGzAonrif.0pOkTiO0vnImL1greWDQ2pvBRayyp4cjTO', '9328 Pfannerstill Roads Suite 352\nLake Barretttown, WI 56190', 1, '2020-08-04 15:31:58', '2020-08-04 15:31:58'),
(93, 'gordon.kub', 'Dr. Kevin Paucek', 'moen.enola@hotmail.com', '+8988488112453', '$2y$10$3AwUW7B9Qn3nlEBNu8NYoumnCwsY4YXRPwNRYpHX66.XPXX1O7hZq', '3859 Schowalter Mall\nMaggioview, ID 74309-1324', 1, '2020-08-04 15:31:58', '2020-08-04 15:31:58'),
(94, 'xhayes', 'Mr. Misael Grimes III', 'corene13@yahoo.com', '+7537101066653', '$2y$10$eZXS/OHIIWE/9Uh2DtyS..JnXnZPju3zdV5BxhLWg.BKEzXFvPS5O', '325 Michaela Spring\nNorth Ottotown, IA 95784', 1, '2020-08-04 15:31:58', '2020-08-04 15:31:58'),
(95, 'santino.larson', 'Dr. Reilly Hyatt MD', 'west.mathew@yahoo.com', '+6500216247581', '$2y$10$kEIoM/6CRVL5UfArjCw9gewuu0.xvuWT5mhzdqudoieZD2bDM3nsK', '58158 Hyatt Spring\nNorth Flaviestad, WV 09409-0346', 1, '2020-08-04 15:31:59', '2020-08-04 15:31:59'),
(96, 'stehr.nelle', 'Domenica Larkin PhD', 'farrell.clara@yahoo.com', '+9977169993663', '$2y$10$Ncvf7wmEaFYNFCV7rCn/3.ZHG8X9SkKBBn/GOLKX/UnXh96HqkXNy', '72531 Langosh Plain\nLake Taureanstad, NH 00485-0398', 1, '2020-08-04 15:31:59', '2020-08-04 15:31:59'),
(97, 'altenwerth.rafaela', 'Carmella Champlin I', 'jayson.herzog@yahoo.com', '+3904306391157', '$2y$10$Bmlj6Qs4Bx7sNAYx/GrZB.Isg41mHsfRN1P3gbNxCaNVNDVuwncIu', '59342 Duncan Junction\nNew Derekfurt, WA 40053-4040', 1, '2020-08-04 15:31:59', '2020-08-04 15:31:59'),
(98, 'bergnaum.richmond', 'Mr. Ezra King', 'preston.stoltenberg@hotmail.com', '+6350862894334', '$2y$10$rcBwquf0hvCr38hxb1O/A.UNxoQqXH3RVezuqLkqRT50eDEj.stHK', '751 Cummerata Island\nNew Verdaport, OK 83064', 1, '2020-08-04 15:31:59', '2020-08-04 15:31:59'),
(99, 'hbailey', 'Dr. Hilda Larkin DDS', 'hessel.annie@kreiger.com', '+7822865361349', '$2y$10$O6rQlTSZPcJokhhlRHrJr.iKgicXSWExONkoZsEdM9o58af1jJ5Xa', '35432 Heller Circle Suite 055\nWest Rocio, MN 29821', 1, '2020-08-04 15:31:59', '2020-08-04 15:31:59'),
(100, 'keeley.deckow', 'Edmond Hodkiewicz IV', 'seth49@gleason.biz', '+5774769730202', '$2y$10$brKYkBgnSNj7tMOOha0qm.cNMlwMFZyBQ0IO10565/G5U4uu9U6b2', '2027 Kemmer Plains Apt. 221\nGoldnerstad, OH 67052-7703', 1, '2020-08-04 15:31:59', '2020-08-04 15:31:59'),
(101, 'sylvia24', 'Mrs. Ruby Fadel IV', 'aboehm@yahoo.com', '+8237170316181', '$2y$10$mvpnJSbX5Aix4WezDQm9tezSnnV.GbcEOinSDFz85OaLgBt9F8J5y', '223 Elta Roads\nWest Carmela, ID 66798', 1, '2020-08-04 15:31:59', '2020-08-04 15:31:59'),
(102, 'hane.elvis', 'Jeffrey Borer V', 'nikita62@gmail.com', '+3787395477389', '$2y$10$oUQp0lUrcdNpHKAd.HJYOen5l/1NYJaPT8Gsd7yIWTH5x/zg4U6iq', '691 Okuneva Pines Suite 837\nEast Willy, SC 26369', 1, '2020-08-04 15:32:40', '2020-08-04 15:32:40'),
(103, 'kurt22', 'Pat Steuber', 'strosin.noelia@gmail.com', '+9717903999726', '$2y$10$hPFCrEW8q8P.PaTEPJDbNuq10gXPe/K/y1HHdalOtW/b9W3E5lcOi', '71064 Gleichner Spurs\nNorth Yasmin, MO 46349', 1, '2020-08-04 15:32:40', '2020-08-04 15:32:40'),
(104, 'florencio.blanda', 'Donato Wuckert V', 'mann.lacey@yahoo.com', '+5582473075365', '$2y$10$/drTIIWMpRRas/jdyJ/vB.eMPr9aAm2cdXv9B19NrACIrcdtidkEe', '114 Satterfield Forest Apt. 070\nThompsonbury, NC 89325', 1, '2020-08-04 15:32:40', '2020-08-04 15:32:40'),
(105, 'courtney90', 'Mack Mraz', 'arlene.lesch@yahoo.com', '+4636453452827', '$2y$10$yEfxk1LbKKZi2tiuY74f4u6nuKIgtImTPIC.qd/29IjKP5RzYclZW', '561 Brakus Pass\nMartineshire, MI 83041-9876', 1, '2020-08-04 15:32:41', '2020-08-04 15:32:41'),
(106, 'evan85', 'Elfrieda Hammes', 'ledner.devante@ratke.com', '+3844617749926', '$2y$10$HTl6XhNE7b6wkHytxd1Od.3drSGwJUyrCbkxAWGmP2yCQpwP9rtEG', '35490 Vanessa Run Suite 700\nBlickberg, AK 77752', 1, '2020-08-04 15:32:41', '2020-08-04 15:32:41'),
(107, 'ijaskolski', 'Mr. Efren Mohr II', 'edna01@jenkins.info', '+5325794749318', '$2y$10$FNkn1Q5abeoDPN8kanVjuOjeC.IWwYv0UQ9fGkmjONSrYlTAC62q2', '732 Iliana Burg\nEmeraldshire, MN 74052-6293', 1, '2020-08-04 15:32:41', '2020-08-04 15:32:41'),
(108, 'eric.zemlak', 'Miss Dianna Ferry', 'arnold03@hotmail.com', '+8643713265403', '$2y$10$lseLtj2Aa0in3yFkrGrM7em7TQCkv5blFnFxqIL8prf5w9EgN4yhm', '396 Zelma Rue\nPort Elzafort, ME 80147', 1, '2020-08-04 15:32:41', '2020-08-04 15:32:41'),
(109, 'kmertz', 'Donna Torphy MD', 'volkman.mikel@hills.biz', '+1314435383059', '$2y$10$Q1AYhDwmldp5NCKb3Kl/dO9yRbaU7w5v4.DQ9N7L0T4vdAc.uVhvu', '3996 Melba Pass\nEast Alizaview, OR 51244', 1, '2020-08-04 15:32:41', '2020-08-04 15:32:41'),
(110, 'gabe75', 'Jaydon Treutel', 'thaley@yahoo.com', '+9924854397401', '$2y$10$Vu960uq93jH4Rblar0IhVuEvSQ/o0AY8PYxOiDm2LYkg2MToczGcS', '43958 Feest Landing Suite 497\nNoeside, GA 60134-6296', 1, '2020-08-04 15:32:41', '2020-08-04 15:32:41'),
(111, 'ebrown', 'Hosea Fisher', 'haley.gerardo@gmail.com', '+8626143481120', '$2y$10$xphNiZL1fnjLYwPvaWPoVeNudG5OVPpFlSDilklPxeFY/F9wLPYzW', '688 Medhurst Alley Suite 969\nWest Aryannamouth, AK 46432-2471', 1, '2020-08-04 15:32:41', '2020-08-04 15:32:41'),
(112, 'russel.elwyn', 'Krista Funk', 'toney.gusikowski@barrows.com', '+8499304559552', '$2y$10$5/81xN6vgKr79TpIhMxcTe4vTkNdVc8rxiMu.k3XXxHIFN9tzDOIS', '8738 Ruecker Circles\nRoobfort, WI 46111-1115', 1, '2020-08-04 15:32:41', '2020-08-04 15:32:41'),
(113, 'mclaughlin.albert', 'Mr. Moshe Romaguera', 'johnny45@jacobi.com', '+1366945817526', '$2y$10$N8TYQr5HUregS0hA372sZe0iy/q4e8Zv3Sr.MoAP7/quabMSL4Nxa', '4195 Morton Point\nNew Merlin, NJ 27103', 1, '2020-08-04 15:32:41', '2020-08-04 15:32:41'),
(114, 'keven30', 'Concepcion Bechtelar', 'earnestine.brakus@gmail.com', '+1290420675280', '$2y$10$qok48.Ql9AK5V4mqqafpB.QzlS.YxBFi2FWUG07FlSXUdN7KzV1qS', '78583 Simonis Glens Suite 324\nRoobtown, OH 11772-2979', 1, '2020-08-04 15:32:41', '2020-08-04 15:32:41'),
(115, 'stefan.doyle', 'Prof. Anastacio Lindgren', 'spinka.leonard@yahoo.com', '+1034049728226', '$2y$10$T6AqHI0xqI6Sh9i1FDh2NeXPGc04YHxNuB6vqnn.uuLk/3JWrmgaG', '2940 Hamill Mountains\nUllrichberg, MS 96287', 1, '2020-08-04 15:32:41', '2020-08-04 15:32:41'),
(116, 'freida.dibbert', 'Rey Ryan', 'zabbott@windler.com', '+2702646326478', '$2y$10$b60kwPHTovmwM8kBBvHhg.hWCLwKO5h3ocDGBF8sI2FSZ1M10rlVW', '110 Vladimir Island\nNorth Marysemouth, WI 13895', 1, '2020-08-04 15:32:41', '2020-08-04 15:32:41'),
(117, 'alfonzo28', 'Colton Bartoletti DVM', 'ylesch@gutmann.net', '+6778240645437', '$2y$10$6cm0ogCUEibZFJgDlJtYEe6xkMndTkOjZHfmBw0wYSRjP5mo8OsuK', '916 Powlowski Trail\nBartolettiberg, GA 04766', 1, '2020-08-04 15:32:41', '2020-08-04 15:32:41'),
(118, 'mateo89', 'Keon Ullrich', 'olaf.reinger@gmail.com', '+9820379450884', '$2y$10$sDLIe59gDrZdMkBI4XTn8O7zyvJF7NjYZZ69qGQ0xO58J0V6/N18m', '5707 Marvin Expressway\nFeestville, FL 10786-3665', 1, '2020-08-04 15:32:41', '2020-08-04 15:32:41'),
(119, 'dickens.ella', 'Pinkie Schimmel', 'eladio.bartoletti@deckow.info', '+6182027492407', '$2y$10$dPFEOmEXoncEt6CNumu7kOKLF0UoPTgGuhJ.kLMNK8qPFru0WKRvq', '35345 Bayer Mountain\nBeahanside, NE 66615-9281', 1, '2020-08-04 15:32:41', '2020-08-04 15:32:41'),
(120, 'chelsie84', 'Dallin Kling', 'arne.heidenreich@waelchi.com', '+2437210826496', '$2y$10$owvdAQUSODLKPcMoNLaRCeO4Api1wQRviByEolVQeY3VAL55tbqWq', '197 Lemke Canyon Suite 074\nEzekielmouth, AK 92148', 1, '2020-08-04 15:32:41', '2020-08-04 15:32:41'),
(121, 'kaden.denesik', 'Jayda Prohaska', 'pbogisich@gmail.com', '+7246058753376', '$2y$10$APfhFWSiEkBg02/dKrWfUeacXrrr.P4N9bvnQV9jUTAMsFhPmlVHO', '94722 Hermiston Ramp\nKubport, IA 90866', 1, '2020-08-04 15:32:41', '2020-08-04 15:32:41'),
(122, 'arne69', 'Mr. Cristopher Sipes Sr.', 'jzieme@steuber.com', '+2464350030700', '$2y$10$K.Xs4nkzexZs3wb/vskJ7eaCyzeFWCMKRJpwTpAIoBLSYbBOj8ADy', '9958 Augustine Tunnel\nSchambergerfurt, UT 04462-5683', 1, '2020-08-04 15:32:42', '2020-08-04 15:32:42'),
(123, 'jerel.zboncak', 'Abigail Hane', 'vjakubowski@yahoo.com', '+7996994903720', '$2y$10$lD3GwEo1I5Tdh/i1J8.V2ehrC2iPI2bfZrPS9Fwwnp4UcYbPhSAYy', '13664 Judd Burgs\nEast Melliefurt, MT 74488', 1, '2020-08-04 15:32:42', '2020-08-04 15:32:42'),
(124, 'pollich.tania', 'Zoe Erdman', 'alvena27@jerde.com', '+2162848455880', '$2y$10$vYcFR3y4rsqcOizUpMc5JOeeuzZbPdSlyZOBVKBqVk24JERFFDVT6', '5360 Kautzer Ways Suite 230\nSouth Ernestinaland, TX 50930-7426', 1, '2020-08-04 15:32:42', '2020-08-04 15:32:42'),
(125, 'lila.kulas', 'Dr. Zackary Gerlach', 'drake.mitchell@rosenbaum.com', '+6974915554692', '$2y$10$HnLcp7P9vGbJpgbOMqAxqOeVJmWUb8/hsdoHwMItRuDHLWW7QYz1S', '67997 Shanny Crest Apt. 114\nAntwanhaven, NV 19054-8531', 1, '2020-08-04 15:32:42', '2020-08-04 15:32:42'),
(126, 'zoie86', 'Miss Madelynn Mraz PhD', 'veum.christop@little.com', '+7670720147238', '$2y$10$I8eDN6EKGA4qhn.X1gX8gu39UvWAjzIVaS0dJvQcJTWwsyXEC6qYu', '3300 Wilkinson Green\nMarisolshire, CA 89232', 1, '2020-08-04 15:32:42', '2020-08-04 15:32:42'),
(127, 'misty.stracke', 'Mr. Jaeden Walker DDS', 'erica.beahan@jakubowski.com', '+3378426955775', '$2y$10$yIR/3ikve/euZ5YBJ2LwN.3QDoJedNCGIhM5NpscJ18O/BbYw3r5K', '917 Alexanne Rapids Apt. 370\nThompsonport, RI 30803', 1, '2020-08-04 15:32:42', '2020-08-04 15:32:42'),
(128, 'diana.hermann', 'Jabari Farrell', 'hyman.stehr@swift.org', '+2261691566314', '$2y$10$hVABZdB9JbkuczjAUGVr4.aUbLTlhA3MRPpMl5t1EpCmAF15NvSdq', '48688 Collier Prairie Suite 493\nWest Doyleberg, MN 77700', 1, '2020-08-04 15:32:42', '2020-08-04 15:32:42'),
(129, 'alvina.bartell', 'Mr. Major Gaylord II', 'shaniya58@upton.com', '+6594166922663', '$2y$10$I8N97CHJclSivSn8MYd6ouiqQBktGIcsmL2e6tQ3k2LeffMQ/MTgu', '5784 Emelie Roads\nPort Jamaaltown, DC 26188-5177', 1, '2020-08-04 15:32:42', '2020-08-04 15:32:42'),
(130, 'victor03', 'Dr. Giovanna Ruecker', 'enrique68@tillman.biz', '+3434034516983', '$2y$10$bgo/RajJo6eHn1CFltMuZetPed41JmTw5G8JHar3PmASdqtOFkIfG', '80750 Pacocha Path Apt. 704\nDangelohaven, MA 69446-0332', 1, '2020-08-04 15:32:42', '2020-08-04 15:32:42'),
(131, 'moen.tyrique', 'Melvina Renner', 'nsenger@hills.com', '+5039309330649', '$2y$10$tZidA9oJAZEblTeYjqRfW.W8F8mTRYY/yvkkyXXTOcqTVJP5DFWIW', '44498 Nicolas Ports\nTyresechester, NH 38747-1166', 1, '2020-08-04 15:32:42', '2020-08-04 15:32:42'),
(132, 'bstamm', 'Prof. Chance Ernser DDS', 'pierre.denesik@okon.biz', '+9850857477957', '$2y$10$vnqYMlivmyRlrApj7rR8wOgp2tdhjE/UtSBkSKe4ImmKyCNgKxkHq', '364 Tyra Extensions Apt. 709\nGleichnerside, SD 72214', 1, '2020-08-04 15:32:42', '2020-08-04 15:32:42'),
(133, 'von.bobby', 'Aditya Schimmel', 'jairo06@gmail.com', '+6958334418364', '$2y$10$6hb8T1KQ2YyOD6TvRdo/RuHsM80nVhXfBY30quHpmZVOiiCN78GWm', '27244 Sabryna Summit\nLake Kasandraberg, MA 74631-5382', 1, '2020-08-04 15:32:42', '2020-08-04 15:32:42'),
(134, 'ashton93', 'Dr. Mertie Wilkinson IV', 'luettgen.zoila@gerlach.info', '+4090364374859', '$2y$10$iW4YSmX/O4YDnmJR1F0Dju7nbBxHFlng0wz9wqdg58DMwup5yivFa', '4503 Stefanie Shoal\nWalkerhaven, IA 44658', 1, '2020-08-04 15:32:42', '2020-08-04 15:32:42'),
(135, 'jodie07', 'Loma Rath', 'vsimonis@crooks.com', '+7383752959416', '$2y$10$jOP8MH7wDqWvChCfx0jsHO9Xl2ao2N.DsD6Kqg13fLItwqbrM4z7i', '6648 Bayer Fork\nNorth Fleta, FL 36617-9432', 1, '2020-08-04 15:32:42', '2020-08-04 15:32:42'),
(136, 'daryl.ward', 'Danial Streich', 'nedra.eichmann@sporer.com', '+1256238932529', '$2y$10$xO3bnclx8OXsb3/KMrwf2e1ddd1RK8bjrEvFhQPd5/SzfrX9XuwTS', '60112 Cronin Lodge Suite 170\nStokesshire, NH 70416', 1, '2020-08-04 15:32:42', '2020-08-04 15:32:42'),
(137, 'jerrell.reichert', 'Jany Macejkovic', 'wcassin@gmail.com', '+2075202578334', '$2y$10$LYYlBm7d29PlvxOODjBhmOn28Zh/i1Qg0kWuvlRxI5m8U5whAkCdC', '73528 Emile Light Suite 387\nMaggioberg, NC 15757', 1, '2020-08-04 15:32:42', '2020-08-04 15:32:42'),
(138, 'granville36', 'Dr. Ruby Witting I', 'tyrique.howe@yahoo.com', '+6719295462633', '$2y$10$NxEgPu2jcByxL4UdSgObo.NSl5yyzy/YPVHEo2Ktj45pVF7tvPY5y', '212 Jaycee Unions Suite 122\nWest Laishaland, CA 98894', 1, '2020-08-04 15:32:43', '2020-08-04 15:32:43'),
(139, 'vella.nader', 'Emely Gutmann DDS', 'guillermo.friesen@yahoo.com', '+9430526461509', '$2y$10$Gkxoz5OCavjyl6ntshRjn.loBb/Uza3opyPrIw69G2VQtpLwOmWF.', '36941 Marjorie Pines\nEast Kylie, ME 69888', 1, '2020-08-04 15:32:43', '2020-08-04 15:32:43'),
(140, 'vladimir91', 'Coralie Quitzon', 'leuschke.lela@yahoo.com', '+1128834966987', '$2y$10$xCMlPoVShv1sJiOzeIqgruwasDyeEF/VUE5CqW9KfcA8nZUpR4WjC', '82012 Wuckert Valleys Apt. 905\nVitaborough, OK 06140-6079', 1, '2020-08-04 15:32:43', '2020-08-04 15:32:43'),
(141, 'isac.hoeger', 'Wilson McKenzie', 'bessie.wisoky@kozey.com', '+8455679762273', '$2y$10$lmeX9nl/gBvnhbDV0u3awebj6knkXk3.INx6hi5HGPBb.xme9kLJa', '1169 Ethyl Shore\nNiafurt, NV 75268', 1, '2020-08-04 15:32:43', '2020-08-04 15:32:43'),
(142, 'jerde.arnaldo', 'Hallie Little', 'alfonso.block@yahoo.com', '+4267043264800', '$2y$10$9bQokgy48Ry6RjBUYYo0Me.3rFhMaRRDSj0JbmDEsm32UsevXC5Ka', '59641 Bogan River\nNorth Adeliashire, FL 40353-4484', 1, '2020-08-04 15:32:43', '2020-08-04 15:32:43'),
(143, 'moore.roxanne', 'Clara White', 'bashirian.cleora@yahoo.com', '+9890952625736', '$2y$10$yGdHwkKCLyPLOSTbW0qIse1fDd11VUcGjSfnEyoM8MEPCyOigJ2ci', '325 Eda Greens\nNorth Hazelfurt, IN 81436-9812', 1, '2020-08-04 15:32:43', '2020-08-04 15:32:43'),
(144, 'slindgren', 'Mrs. Kellie Hand', 'johnson.jaylan@carroll.com', '+9180591221050', '$2y$10$JED9pACP3Dliec8J7cSAku7JsIih7pr/HpX0oftPl5ygozBSH0tPe', '3956 Christa Alley\nPollichtown, NM 81186-9254', 1, '2020-08-04 15:32:43', '2020-08-04 15:32:43'),
(145, 'mante.georgiana', 'Quentin Collier', 'qhartmann@mann.com', '+5719811907747', '$2y$10$k03Too1ymQJ.o156x8ZNh.nLYJ7cxyifhDekrXWhUGNLxYkgczX5m', '87173 Crona Cliffs Apt. 391\nEast Earlinemouth, MI 05002-2399', 1, '2020-08-04 15:32:43', '2020-08-04 15:32:43'),
(146, 'haley.kenneth', 'Kelli Herzog', 'katelyn.blanda@yahoo.com', '+3750981653221', '$2y$10$paOV.L1wsjPdC1YO3/KEIea4TMe5l8bS9/l3Rc6Vmi2HF/IlLKFhC', '57260 Okuneva Villages\nBaileytown, CA 06222', 1, '2020-08-04 15:32:43', '2020-08-04 15:32:43'),
(147, 'turner.jennyfer', 'Carmelo Legros', 'crystal.eichmann@wunsch.com', '+8848851426625', '$2y$10$AmrVkGGpuajtx6foKKUku.WuL1vsnDF/ulG4tjnDbQn0JRB3FHoZ.', '1653 Schimmel Plains Apt. 317\nGoodwinborough, OK 81710-6655', 1, '2020-08-04 15:32:43', '2020-08-04 15:32:43'),
(148, 'hgoyette', 'Ms. Stacy Altenwerth V', 'annie.hackett@schuster.com', '+5363929941811', '$2y$10$TpAG67SJZRuWQmEYEQZIYuLQOm6tiAoMFQkuo13t1Ues4Etob3422', '118 Kautzer Roads Apt. 124\nHailieburgh, CT 10104', 1, '2020-08-04 15:32:43', '2020-08-04 15:32:43'),
(149, 'kautzer.horacio', 'Dr. Cristobal Thiel', 'dixie44@bergnaum.org', '+3056307752679', '$2y$10$VqF2Z8o8QFgl9PxH/xTZj.4dJ8NwWF9ou9pmtNhgsJxYd/uJvemdS', '454 Dominique Unions\nMaximilianberg, VA 91194-7843', 1, '2020-08-04 15:32:43', '2020-08-04 15:32:43'),
(150, 'drew.tromp', 'Wilbert Lindgren', 'gonzalo90@gmail.com', '+8670145946033', '$2y$10$ZsPPBgB2oz8XDYE5fyFZRufhVC2wRUcPNGgxY2Ry9ax0TC90CCHZe', '7755 Lisa Isle\nSporerside, NJ 03345', 1, '2020-08-04 15:32:43', '2020-08-04 15:32:43'),
(151, 'roberts.eugenia', 'Eino Legros', 'tomas35@kuvalis.net', '+2342394539098', '$2y$10$B4Rlc7fEkfBAkOHgR2YDm.3QluM7tsrkb87zrbVdxa8FV0wSpa0gq', '2746 Boyle Rapid Apt. 614\nWillmsborough, WV 91055-4916', 1, '2020-08-04 15:32:43', '2020-08-04 15:32:43'),
(152, 'effertz.cielo', 'Leanna Greenfelder', 'abednar@yahoo.com', '+9472422945968', '$2y$10$lfXzp/AJ98LyLMPTsPDQB.dKheFd8Mw8CrxgLpqvLe320V4lPYPHC', '241 Oswaldo Field Suite 760\nNew Herminiabury, MI 69686-2967', 1, '2020-08-04 15:32:43', '2020-08-04 15:32:43'),
(153, 'hlang', 'Mr. Theodore Yost I', 'lula57@hotmail.com', '+3620186692514', '$2y$10$YKcYv5I.Tnx3E6ETNXKiWOhaXA5IYVfWeD5/PvTJe1tdZdyyGxaCa', '7928 Kunze Via\nLinneaberg, IN 15771', 1, '2020-08-04 15:32:43', '2020-08-04 15:32:43'),
(154, 'darrel.tremblay', 'Kaden Torphy', 'hugh84@hotmail.com', '+3134630014631', '$2y$10$lAU/hbqSFu3BXwh0gfFe1OeCETBcmbVBVD0SC1ndsdpjZA.xZUtg6', '3172 Murray Valley\nEast Jennings, NY 33329-1441', 1, '2020-08-04 15:32:43', '2020-08-04 15:32:43'),
(155, 'hane.tina', 'Miss Madonna Kunde Sr.', 'reichert.marianne@schowalter.org', '+3577652408836', '$2y$10$M.fHg1wUE1lmnXriWkz6jOnxy6K4fF4JTOXM7p2gngYYPijXAS8zS', '200 Harvey Plains\nHoseamouth, MA 08860', 1, '2020-08-04 15:32:44', '2020-08-04 15:32:44'),
(156, 'cole.marquardt', 'Cassandre Ullrich V', 'nmante@hermiston.org', '+7646077857000', '$2y$10$QNoM6MQCp9PiPpENevEB0.UmirOySpZxWUQyKWNZVw0ANp47jg/o.', '37338 Terrance Isle\nEast Luciusmouth, LA 12619', 1, '2020-08-04 15:32:44', '2020-08-04 15:32:44'),
(157, 'allie43', 'Allison Upton', 'avery45@hotmail.com', '+4019705175978', '$2y$10$9Lzq0Hl1pu.tXubh8RcqauA5oC0h.Fs5zGHo4KK8HFigHzRK/ZlGq', '613 Heber Crescent Suite 198\nPort Moisesview, MO 12504', 1, '2020-08-04 15:32:44', '2020-08-04 15:32:44'),
(158, 'bogan.elwin', 'Dr. Colten Johnston', 'jarrett34@gmail.com', '+6136303184669', '$2y$10$WydrjuK1m.Z/zE.Ita0H1e58glHe1eA6UEs0/qsaJXri1nhgJ5HUC', '674 Considine Trace\nPort Denaville, TX 14363-4014', 1, '2020-08-04 15:32:44', '2020-08-04 15:32:44'),
(159, 'nrosenbaum', 'Shirley Schulist', 'homenick.raleigh@rowe.com', '+5169885306477', '$2y$10$MfpwbOp2b01bnyzaGeb7LueoEP72g15mg.Q5GOZ9ex00Fte44yHqi', '882 Ferry Mountains\nCynthiachester, VT 93482-9261', 1, '2020-08-04 15:32:44', '2020-08-04 15:32:44'),
(160, 'frida40', 'Tyrese Lang', 'xblanda@friesen.com', '+3002117588530', '$2y$10$F5hciE8VQjDvQPRppgXt1OR6fAHViVNwbkXyRlALk1LR5V4hTDB6K', '957 Antonina Row\nChancestad, SC 51264', 1, '2020-08-04 15:32:44', '2020-08-04 15:32:44'),
(161, 'ella.conroy', 'Agustina Cummerata MD', 'howell.klocko@gmail.com', '+4412280482607', '$2y$10$OHY6RFh.Xg9WAKT6cw6R0.2Bslns5aKOtsGDn9YcSViwSNMPL0HsG', '28063 Hagenes Pine Apt. 659\nNorth Nikita, AR 84193-3046', 1, '2020-08-04 15:32:44', '2020-08-04 15:32:44'),
(162, 'bill34', 'Mr. Chester Goldner Jr.', 'durward.stehr@boyer.com', '+8615154906820', '$2y$10$VmMC294wBVCyWiclckfyKuhbx4Vu60ZeBNYyjnt5gGKd1clS6RBbu', '902 Pauline Ridge\nLake Watsonport, IN 58781-5442', 1, '2020-08-04 15:32:44', '2020-08-04 15:32:44'),
(163, 'francisca57', 'Dr. Leann Sporer I', 'okeefe.vada@koepp.org', '+3312953964055', '$2y$10$hJbbazRrJqHumc7R7RH/t.oHrnC1Z2eWLAqr/sUHiBxwVWtUNgTiq', '56263 Harris Stream Suite 140\nSouth Krystina, CO 77731-9769', 1, '2020-08-04 15:32:44', '2020-08-04 15:32:44'),
(164, 'andy01', 'Ruthie Daugherty', 'reggie52@funk.com', '+7771473437672', '$2y$10$4XZN2jucGT4dXMYeaXz7yenzuNc/FciSXRxf4kVb4IdQN2vnm8lhG', '5886 Moore Brooks Suite 004\nLake Audreanneton, NH 90951', 1, '2020-08-04 15:32:44', '2020-08-04 15:32:44'),
(165, 'omari36', 'Rahsaan Reynolds', 'elmore.greenholt@bruen.org', '+4169703532051', '$2y$10$8ShlKMyB1WJ2sVGRgPVr.uwt9RI5udTVCXS9y.JALgXVCIoqne3Bu', '4784 Noe Course\nPort Lazarostad, NY 93593', 1, '2020-08-04 15:32:44', '2020-08-04 15:32:44'),
(166, 'xklein', 'Zola Leffler', 'haylee51@bahringer.info', '+8422335012611', '$2y$10$wGX5dynP.90/Ig2VMTo/me9/6fzIiKsauOtdsVbI281cIZKAnKV.K', '845 Lelia Neck\nLake Rosa, FL 54719', 1, '2020-08-04 15:32:44', '2020-08-04 15:32:44'),
(167, 'gulgowski.jean', 'Dr. Nigel Beahan DVM', 'herman.ralph@hotmail.com', '+3212308384060', '$2y$10$nhVmIwJue0FeD8ne48pK6.K8u2nZTQlaziIwWIhsNz6WbRPtaEteS', '552 Kessler Inlet\nEricaland, VA 39674-3611', 1, '2020-08-04 15:32:44', '2020-08-04 15:32:44'),
(168, 'emery.anderson', 'Sonny Wehner I', 'osmitham@hotmail.com', '+9339712279412', '$2y$10$QThuzcICivnwD1oA/Fesp.wppZd5heY59R4Ff9gqzhp263ggd3Kju', '16386 Rippin Flat Suite 465\nEast Lilyanville, AR 10147', 1, '2020-08-04 15:32:44', '2020-08-04 15:32:44'),
(169, 'rhauck', 'William Howe', 'theo.halvorson@stroman.info', '+2793885871062', '$2y$10$iVEHeXv4e80u.xpOso8gteS.1JaRMjCiIMz9/DBZDToIeeSD1Fl4e', '130 Lehner Wall Suite 627\nWernerstad, IL 24425', 1, '2020-08-04 15:32:44', '2020-08-04 15:32:44'),
(170, 'bennett.parker', 'Timothy Hackett', 'cheathcote@yahoo.com', '+8037772807436', '$2y$10$26RHKn3X3c5syJwIWL2juutsgR902Hm4VfDMoP3Lfebr6xCt6IFra', '35886 Cayla Circle\nDeloresstad, WA 09261', 1, '2020-08-04 15:32:44', '2020-08-04 15:32:44'),
(171, 'jonathan97', 'Burley Hermiston', 'jkoepp@schowalter.biz', '+5258624631785', '$2y$10$RFT3SuRgiMA5dBDTyjAaSuA7WuNxqmOI3N5/EL1U0P2.YmEM/SJ7u', '144 Zieme Dale\nNorth Jana, IL 88106', 1, '2020-08-04 15:32:44', '2020-08-04 15:32:44'),
(172, 'oschaden', 'Mrs. Calista Schumm', 'nokeefe@hotmail.com', '+6677617230080', '$2y$10$vCXKGIQZ402P8JPi/SIsMex54Y288gaITJgIuxxV2Ki9C8XMCqipu', '878 Sipes Keys\nLake Friedrichview, ID 78344-2918', 1, '2020-08-04 15:32:44', '2020-08-04 15:32:44'),
(173, 'daugherty.taylor', 'Summer Collins MD', 'bertrand19@toy.com', '+7153091285923', '$2y$10$cU3I0XEoHHfGpze0Zu8y6ucHdu8lCaybpAKUD8SrloqD61PyVqHmG', '59657 Leuschke Lodge Suite 531\nEast Hollisbury, OH 17090', 1, '2020-08-04 15:32:45', '2020-08-04 15:32:45'),
(174, 'gutkowski.melissa', 'Clement Botsford', 'lockman.jaquan@hotmail.com', '+2440940204821', '$2y$10$aRdY0GKQFr01BFg2JgiO8uwTetq.t3ihdzHziwo1wIbcjI9.qIMzO', '80676 Oceane Walks\nWest Omer, MO 03975-7650', 1, '2020-08-04 15:32:45', '2020-08-04 15:32:45'),
(175, 'xcrona', 'Lon Hirthe', 'nlindgren@gaylord.com', '+7960501774316', '$2y$10$ds5.Zn.0WlGX4fLWUM.O8ePdOR9LKCmxof1WG9Fzsz9eYDObpEJdW', '795 Easter Key Suite 989\nPacochafurt, SC 51332-7607', 1, '2020-08-04 15:32:45', '2020-08-04 15:32:45'),
(176, 'ternser', 'Alana Marks Sr.', 'eleffler@bednar.com', '+8472502122653', '$2y$10$t.YzWrsIULuqhL2D0ZICUua8jq2YrlQEFYi807Qlaw//VMMHHYLxG', '930 Fadel Dale\nEast Elliottshire, HI 01499-1203', 1, '2020-08-04 15:32:45', '2020-08-04 15:32:45'),
(177, 'bosco.robbie', 'Lawrence King II', 'steuber.keenan@yahoo.com', '+5154613433249', '$2y$10$qnl/MNl8cp79rxJlMcFvs.trzGmue7W1V.TXX35/TP5TYx2xOIsYi', '33058 Brad Vista\nFrederickport, OR 29875-9372', 1, '2020-08-04 15:32:45', '2020-08-04 15:32:45'),
(178, 'schaden.darren', 'Deon Littel', 'maximilian.rohan@hotmail.com', '+8909588545367', '$2y$10$5.dqRhmgBnRobjotyaNJ5eizRhgcDQJgNZrdWXZ66zRBTCLN2V9TC', '9411 Lehner Villages\nLake Winston, MI 53518', 1, '2020-08-04 15:32:45', '2020-08-04 15:32:45'),
(179, 'krice', 'Jena O\'Kon', 'conn.lavon@ankunding.com', '+6091689442438', '$2y$10$BhVdWZPJ9X3n9F9WKOkjtuUP/viPi9EgjbDxd7L8r5BOnyPaBo2a.', '24330 Sporer Pines\nPort Graciela, LA 44687', 1, '2020-08-04 15:32:45', '2020-08-04 15:32:45'),
(180, 'nitzsche.celia', 'Edd Witting', 'keeley27@hotmail.com', '+8861917335327', '$2y$10$5Ve3.dQ8HKg2o.bq30Wjz.YvmHiWKbZ91w.UPMSzJ9VoM70GnBj4C', '994 Ahmad Knoll\nSouth Freidahaven, MN 16098-5473', 1, '2020-08-04 15:32:45', '2020-08-04 15:32:45'),
(181, 'rahsaan.howe', 'Mr. Jarod Wunsch PhD', 'bernhard.clark@emard.com', '+6257631825184', '$2y$10$BfEadeaKPUK55wiWOSA6wOJ0U.EXUhoxoddPVs5u0Pe2f4HeYxNo2', '33183 Johnson Garden Suite 993\nEldonbury, NH 61130-2262', 1, '2020-08-04 15:32:45', '2020-08-04 15:32:45'),
(182, 'kozey.jovanny', 'Enrique Toy', 'lgusikowski@yahoo.com', '+4232161984802', '$2y$10$d56d2qWsMMBTRKxKALamO.JC7Lmn/hSoYIyVIlAW.c8ZRZ8999M.q', '4917 Nitzsche Crossing\nEast Richard, TX 16346-4648', 1, '2020-08-04 15:32:45', '2020-08-04 15:32:45'),
(183, 'block.art', 'Ms. Ora Cartwright', 'larson.gustave@yahoo.com', '+6778132982475', '$2y$10$6cPivAbNWAHtbeFc6XZT7u2v6O.DgTBapQhtrGlRsPLkqDPDkX/tS', '44177 Eichmann Passage\nEast Margaretefurt, VT 07239', 1, '2020-08-04 15:32:45', '2020-08-04 15:32:45'),
(184, 'ipurdy', 'Dr. Tamara West Jr.', 'lebsack.tom@kiehn.biz', '+6527620908981', '$2y$10$kT4fhRTDM9ZmP7d6JywUWO6J3m5g32fW6n.YPbtJEdY.d8j0jZhpC', '112 Kihn Points\nEast Lura, SD 38027-9716', 1, '2020-08-04 15:32:45', '2020-08-04 15:32:45'),
(185, 'xnienow', 'Jacey Connelly', 'kfahey@leuschke.com', '+1463478394742', '$2y$10$CV0iKqU6UGY51MV2qbUQ/enP1pZxC/7A9h99a2Me4nGAF.BtkaZIq', '457 Lueilwitz Cape\nEast Leonardville, CT 88381-6629', 1, '2020-08-04 15:32:45', '2020-08-04 15:32:45'),
(186, 'yglover', 'Abagail Satterfield PhD', 'jabari74@hartmann.com', '+8297988042759', '$2y$10$NVVE3WkB3qbbQnVlM66D4.BYKyxRscBjaI4FnyP8zWhjtBZiJiZ.S', '20488 Albina Divide Suite 359\nNew Erling, NY 34301', 1, '2020-08-04 15:32:45', '2020-08-04 15:32:45'),
(187, 'hgerlach', 'Daniella Stanton DVM', 'delbert.legros@bartell.org', '+7281673026567', '$2y$10$FsTE5hKuhpPN1q71njNkAON/q5uZSf6GkDxbO1ucGnLzw85B5WDY.', '927 Laura Vista\nPort Violetborough, ND 97237', 1, '2020-08-04 15:32:45', '2020-08-04 15:32:45'),
(188, 'purdy.martin', 'Gussie Fay', 'cwatsica@crooks.com', '+8545770439154', '$2y$10$OqaYgJ1uamH7s8.qM4EbjOb8lFkpeTH4FGbHxA2BoqGcmhzffZRRi', '948 Kathryne Avenue Suite 531\nKilbackstad, IN 01454', 1, '2020-08-04 15:32:45', '2020-08-04 15:32:45'),
(189, 'icarter', 'Oswaldo Bayer', 'stamm.reece@smith.com', '+4919670397454', '$2y$10$jVPMQQUv/7igNVMSGIgwVuep0/.38zrdunIDYjbBGtyLZoWRrp46G', '34603 Jacobs Circle\nNorth Asha, MN 13440', 1, '2020-08-04 15:32:45', '2020-08-04 15:32:45'),
(190, 'arolfson', 'Prof. Dereck Jerde', 'vkovacek@gmail.com', '+9654440296735', '$2y$10$/VkFhqH1rvHTl0NwNTl4OeRsRc1QmFxVXX/tGeSeWdJjnPA8z1SKa', '21197 Brown Park Apt. 864\nKingport, WV 80883-6881', 1, '2020-08-04 15:32:46', '2020-08-04 15:32:46'),
(191, 'kframi', 'Tabitha Haag Sr.', 'nikita96@yahoo.com', '+4782058715769', '$2y$10$QUhDSdOg.wexdJiqZ570yehI5uICeLPBMfmPicvMTT7S8la2l9ZEa', '8968 Mante Lights\nNew Burleyside, DE 63378-6767', 1, '2020-08-04 15:32:46', '2020-08-04 15:32:46'),
(192, 'sydnie.vonrueden', 'Davon Jerde', 'ybrown@gaylord.org', '+5027833709893', '$2y$10$T.Y80Ig27deN6vOsJ4NRtembBk8t.P6sTj3NgiDf4XQycxy4tGF42', '6668 Werner Mill\nLake Derrickmouth, AL 19425', 1, '2020-08-04 15:32:46', '2020-08-04 15:32:46'),
(193, 'zspencer', 'Miles Keebler', 'monroe.reichert@yahoo.com', '+1067764916396', '$2y$10$bMnktTNDoJQoZVDl3GQ88urhGkB87wLc1rR98y/CApEO4LbL6ane6', '618 Littel Crescent Suite 755\nUlisesborough, NV 00155-7268', 1, '2020-08-04 15:32:46', '2020-08-04 15:32:46'),
(194, 'derek76', 'Krystal Hansen', 'beahan.krystina@hotmail.com', '+2802915691362', '$2y$10$KRVMIp9ADzRCf5rDuVCF4eZ/2r1yXsFNeNdDoD0baTx3FvuDljsgy', '2381 Mills Ramp Suite 258\nSteubermouth, TX 00684-3970', 1, '2020-08-04 15:32:46', '2020-08-04 15:32:46'),
(195, 'lemke.zita', 'Elvera Windler', 'catharine13@leannon.com', '+6673335360167', '$2y$10$Yy54OrGFvc6Lk9on9b5Sg.zF08F6KNUSvwjQNr2qzB3u.JW/EP0Ei', '14702 Flatley Views\nKlockohaven, HI 26745', 1, '2020-08-04 15:32:46', '2020-08-04 15:32:46'),
(196, 'dimitri.borer', 'Cassidy Sanford', 'erdman.wilbert@rice.com', '+5187569561004', '$2y$10$ANKiXsAKU4twM.jkJU0Pm.DW.slrEGEfTgP5lJu1U7rAxZss4hsNG', '2638 Lynch Street\nNew Lornashire, MA 91454', 1, '2020-08-04 15:32:46', '2020-08-04 15:32:46'),
(197, 'ckonopelski', 'Jarod Schulist', 'vcrona@gmail.com', '+6350299127183', '$2y$10$8zDwgZGp7bE7z7Ux0EaTLe2OzDTL6gi29ih6AVtjnZked3cG690rO', '509 Brakus Alley\nDickinsonfort, NY 32665', 1, '2020-08-04 15:32:46', '2020-08-04 15:32:46'),
(199, 'kulas.zola', 'Noe Haley', 'glen.williamson@hotmail.com', '+2975080825391', '$2y$10$U6sqIUaQPfIYt7ec7.l3C.iPlB69lfeL1Iwupqt8AijcWGUQiGdPG', '4272 Gleichner Lakes\nSouth Brookton, MD 56486', 1, '2020-08-04 15:32:46', '2020-08-04 15:32:46'),
(200, 'rconnelly', 'Mrs. Veda Reinger', 'ernesto89@huel.com', '+7600571074307', '$2y$10$GS/BjDpZFiGO5o5PyKEODeFuV4FBLAPCmoBzhnxnLwQlu7ALvgUnK', '9873 Keith Mountain Apt. 998\nFritschtown, AR 84625', 1, '2020-08-04 15:32:46', '2020-08-04 15:32:46'),
(201, 'hturner', 'Prof. Erika Bosco IV', 'betty92@stanton.org', '+9937391773697', '$2y$10$oIK/CfndlIUbM4bw7CKRb.74/9Fy..gmQKrFD3IhHMVVNYlGeZ4Na', '758 Lesch Manor Apt. 778\nSouth Darrelport, OH 17847', 1, '2020-08-04 15:32:46', '2020-08-04 15:32:46');
INSERT INTO `users` (`id`, `username`, `name`, `email`, `contact_person`, `password`, `address`, `role_id`, `created_at`, `updated_at`) VALUES
(202, 'tconroy', 'Miss Athena Zulauf', 'carli.hegmann@spencer.com', '+1842617764791', '$2y$10$3Nb1wsWRM2D92p3P2LzvKuS0dUBmIZRkRknJao8pR5Xrd3lRACokq', '5686 Crist Forks\nMetzberg, OR 91824-7937', 1, '2020-08-04 15:32:46', '2020-08-04 15:32:46'),
(203, 'Admin', 'Admin', 'me@adhityarp.com', '087787878', '$2y$10$/5pWrDc9Yl4o1HJQHUlYRuV.HBKVyWt34DkKxf.v2p4YgwLQM4XcS', 'Vilmut', 3, '2020-08-04 15:53:52', '2020-08-04 15:53:52'),
(204, 'kicov', 'xylow', 'gihikibu@mailinator.net', 'Odit corrupti ut se', '$2y$10$LNh2H8ww31ZCnpZ26ZfEJOzpZ.EIoTVDC6CoebGM4uFlds/HJPKNm', 'Cum sapiente officii', 1, '2020-08-04 16:01:34', '2020-08-04 16:01:34');

-- --------------------------------------------------------

--
-- Table structure for table `user_has_subscription`
--

CREATE TABLE `user_has_subscription` (
  `id` bigint(20) UNSIGNED NOT NULL,
  `user_id` varchar(191) COLLATE utf8mb4_unicode_ci NOT NULL,
  `subscription_id` varchar(191) COLLATE utf8mb4_unicode_ci NOT NULL,
  `status` enum('active','inactive') COLLATE utf8mb4_unicode_ci NOT NULL DEFAULT 'active',
  `notes` text COLLATE utf8mb4_unicode_ci,
  `created_at` timestamp NULL DEFAULT NULL,
  `updated_at` timestamp NULL DEFAULT NULL
) ENGINE=InnoDB DEFAULT CHARSET=utf8mb4 COLLATE=utf8mb4_unicode_ci;

--
-- Dumping data for table `user_has_subscription`
--

INSERT INTO `user_has_subscription` (`id`, `user_id`, `subscription_id`, `status`, `notes`, `created_at`, `updated_at`) VALUES
(119, '41', '1', 'active', NULL, '2020-08-05 15:49:32', '2020-08-05 15:49:32'),
(120, '17', '1', 'active', NULL, '2020-08-05 15:49:37', '2020-08-05 15:49:37');

--
-- Indexes for dumped tables
--

--
-- Indexes for table `migrations`
--
ALTER TABLE `migrations`
  ADD PRIMARY KEY (`id`);

--
-- Indexes for table `reset_password`
--
ALTER TABLE `reset_password`
  ADD PRIMARY KEY (`id`);

--
-- Indexes for table `roles`
--
ALTER TABLE `roles`
  ADD PRIMARY KEY (`id`),
  ADD UNIQUE KEY `roles_role_unique` (`role`);

--
-- Indexes for table `subscriptions`
--
ALTER TABLE `subscriptions`
  ADD PRIMARY KEY (`id`);

--
-- Indexes for table `transactions`
--
ALTER TABLE `transactions`
  ADD PRIMARY KEY (`id`);

--
-- Indexes for table `transaction_has_modified`
--
ALTER TABLE `transaction_has_modified`
  ADD PRIMARY KEY (`id`);

--
-- Indexes for table `users`
--
ALTER TABLE `users`
  ADD PRIMARY KEY (`id`),
  ADD UNIQUE KEY `users_username_unique` (`username`);

--
-- Indexes for table `user_has_subscription`
--
ALTER TABLE `user_has_subscription`
  ADD PRIMARY KEY (`id`);

--
-- AUTO_INCREMENT for dumped tables
--

--
-- AUTO_INCREMENT for table `migrations`
--
ALTER TABLE `migrations`
  MODIFY `id` int(10) UNSIGNED NOT NULL AUTO_INCREMENT;

--
-- AUTO_INCREMENT for table `reset_password`
--
ALTER TABLE `reset_password`
  MODIFY `id` bigint(20) UNSIGNED NOT NULL AUTO_INCREMENT;

--
-- AUTO_INCREMENT for table `roles`
--
ALTER TABLE `roles`
  MODIFY `id` bigint(20) UNSIGNED NOT NULL AUTO_INCREMENT, AUTO_INCREMENT=4;

--
-- AUTO_INCREMENT for table `subscriptions`
--
ALTER TABLE `subscriptions`
  MODIFY `id` bigint(20) UNSIGNED NOT NULL AUTO_INCREMENT, AUTO_INCREMENT=4;

--
-- AUTO_INCREMENT for table `transactions`
--
ALTER TABLE `transactions`
  MODIFY `id` bigint(20) UNSIGNED NOT NULL AUTO_INCREMENT, AUTO_INCREMENT=112;

--
-- AUTO_INCREMENT for table `transaction_has_modified`
--
ALTER TABLE `transaction_has_modified`
  MODIFY `id` bigint(20) UNSIGNED NOT NULL AUTO_INCREMENT, AUTO_INCREMENT=111;

--
-- AUTO_INCREMENT for table `users`
--
ALTER TABLE `users`
  MODIFY `id` bigint(20) UNSIGNED NOT NULL AUTO_INCREMENT, AUTO_INCREMENT=205;

--
-- AUTO_INCREMENT for table `user_has_subscription`
--
ALTER TABLE `user_has_subscription`
  MODIFY `id` bigint(20) UNSIGNED NOT NULL AUTO_INCREMENT, AUTO_INCREMENT=121;
